2017-04-19	Nvidia Partner Baidu Seeks Alliances In Self-Driving Cars
2017-05-19	Nvidia Notches New High On Fresh Buy Rating
2017-06-09	Graphics Chip Maker Nvidia Soars To Record High, But Reverses
2017-07-12	Nvidia Is A Buy On AI As IBM 'Outgunned'; Grubhub Touted Despite Amazon
2017-08-10	Nvidia Earnings Crush Views, Guidance Bullish, But Stock Dives
2017-08-11	Nvidia finds good news only goes so far; SoundCloud gets new life
2017-08-14	Nvidia Stock Gets A Bounce As Price Target Raised
2017-09-15	Nvidia Stock Breaks Out, Hits All-Time High On Bullish Report
2017-09-18	Nvidia Stock Soars To New High On Bullish Analyst Reports
2017-09-26	Nvidia Strikes China Deals For AI, Cloud Computing, Self-Driving Cars
2017-09-27	Nvidia forges supply deal with mainland technology Titans
2017-09-29	Nvidia Gets Price-Target Hike On Artificial Intelligence View
2017-10-10	Nvidia looks to ride Pegasus to self-driving car tech glory
2017-10-23	Nvidia Stock Gets Price-Target Hike On Competitive Lead
2017-11-06	Nvidia Gets Price-Target Hike Ahead Of Earnings Report
2017-11-08	Nvidia Looks Overvalued Ahead Of Third-Quarter Earnings: Analyst
2017-11-13	Nvidia Upgraded As Analyst Admits Being Wrong On The Stock
2017-11-14	Nvidia Impresses Analysts At Supercomputing Conference
2017-11-17	Nvidia To Climb Higher On Data-Center, Gaming Demand: Analyst
2017-11-27	Nvidia, GE Partner On Artificial Intelligence In Health Care
2017-12-08	Nvidia Aims To Turn PCs Into AI Supercomputers With New Processor
2018-01-08	Nvidia Shares Break Out On Autonomous Car Deals, Can They Stay Up?
2018-01-17	Chinese carmaker Chery to use Nvidia's self-driving technology
2018-02-08	Nvidia Crushes Fourth-Quarter Sales, Earnings Targets, Guides Higher
